Number 2,Number 3,Number 4,count
8,2,8,3
8,5,0,3
2,0,8,3
9,3,6,3
6,8,9,3
7,3,2,2
7,6,8,2
8,9,7,2
1,1,7,2
5,8,5,2
7,0,1,2
1,3,7,2
3,7,5,2
3,1,1,2
8,7,2,2
1,6,6,2
9,1,5,2
8,6,2,2
8,6,1,2
8,5,7,2
2,7,2,2
2,1,0,2
6,8,3,2
4,7,8,2
4,7,2,2
0,6,8,2
0,7,6,2
5,5,4,2
0,4,4,2
3,3,1,2
0,4,7,2
0,7,0,2
9,4,8,2
0,3,9,2
5,7,4,2
3,2,5,2
4,9,6,2
4,8,7,2
5,4,4,2
0,9,7,2
7,1,4,1
6,7,5,1
6,8,1,1
7,2,4,1
7,2,0,1
7,1,7,1
7,0,5,1
6,9,0,1
6,8,4,1
6,8,6,1
7,0,2,1
7,0,9,1
7,0,6,1
6,9,6,1
6,9,7,1
6,6,5,1
6,6,7,1
0,0,0,1
6,5,9,1
5,9,3,1
5,4,6,1
5,4,7,1
5,4,9,1
5,6,4,1
5,6,9,1
5,7,1,1
5,7,2,1
5,7,5,1
5,7,7,1
5,8,3,1
5,8,8,1
6,0,3,1
6,5,6,1
6,0,7,1
6,1,0,1
6,2,1,1
6,2,4,1
7,3,3,1
6,2,7,1
6,3,3,1
6,3,5,1
6,3,9,1
6,4,6,1
6,5,5,1
6,2,5,1
7,6,7,1
7,3,4,1
9,1,8,1
8,6,7,1
8,6,8,1
8,7,3,1
8,7,4,1
8,7,6,1
8,7,7,1
8,8,9,1
8,9,1,1
8,9,2,1
8,9,8,1
9,0,4,1
9,0,6,1
9,2,1,1
7,3,6,1
9,2,8,1
9,3,3,1
9,3,9,1
9,5,3,1
9,5,5,1
9,5,7,1
9,8,4,1
9,8,6,1
9,8,7,1
9,8,8,1
9,9,1,1
9,9,6,1
8,5,8,1
8,5,2,1
8,5,1,1
8,4,9,1
7,3,9,1
7,4,2,1
7,4,4,1
7,4,6,1
7,4,9,1
7,5,1,1
7,5,5,1
7,6,2,1
7,6,5,1
5,2,5,1
7,7,2,1
7,7,7,1
7,7,8,1
7,8,3,1
7,8,7,1
7,8,8,1
7,9,0,1
7,9,1,1
7,9,4,1
7,9,9,1
8,1,1,1
8,2,0,1
8,2,1,1
8,2,9,1
8,3,1,1
5,2,7,1
4,9,8,1
5,2,4,1
1,7,8,1
1,8,7,1
1,9,3,1
1,9,4,1
2,0,0,1
2,0,6,1
2,0,9,1
2,1,4,1
2,1,7,1
2,2,1,1
2,2,3,1
2,2,9,1
2,3,0,1
2,4,2,1
2,5,1,1
2,6,0,1
2,6,4,1
2,6,7,1
2,7,1,1
2,7,4,1
2,7,6,1
2,7,9,1
2,8,9,1
2,9,5,1
3,0,7,1
3,1,0,1
3,1,3,1
3,1,4,1
1,8,5,1
1,7,0,1
5,2,1,1
1,6,3,1
0,0,3,1
0,1,8,1
0,2,2,1
0,2,3,1
0,2,8,1
0,3,7,1
0,4,6,1
0,5,8,1
0,6,3,1
0,7,5,1
0,8,1,1
0,8,6,1
0,8,9,1
0,9,2,1
0,9,6,1
0,9,9,1
1,0,6,1
1,0,8,1
1,1,1,1
1,1,5,1
1,1,6,1
1,1,8,1
1,2,0,1
1,3,8,1
1,4,2,1
1,4,7,1
1,5,2,1
3,1,7,1
3,2,1,1
3,2,7,1
3,2,9,1
4,3,3,1
4,3,4,1
4,3,6,1
4,3,7,1
4,3,9,1
4,4,0,1
4,4,6,1
4,5,3,1
4,5,5,1
4,5,6,1
4,5,8,1
4,5,9,1
4,6,3,1
4,6,8,1
4,7,0,1
4,8,0,1
4,8,5,1
4,9,7,1
0,0,1,1
5,0,0,1
5,0,1,1
5,0,5,1
5,0,8,1
5,1,0,1
5,1,2,1
5,1,3,1
5,1,4,1
4,3,2,1
4,2,3,1
4,2,0,1
3,6,6,1
3,3,2,1
3,3,5,1
3,3,9,1
3,4,0,1
3,4,1,1
3,4,3,1
3,4,6,1
3,4,7,1
3,4,8,1
3,5,6,1
3,6,2,1
3,6,4,1
3,6,7,1
4,1,7,1
3,6,9,1
3,7,1,1
3,7,4,1
3,8,3,1
3,8,5,1
3,9,3,1
3,9,4,1
4,0,2,1
4,0,6,1
4,1,1,1
4,1,5,1
4,1,6,1
9,9,7,1
