Number 1,Number 2,Number 4,count
3,0,8,4
6,9,8,3
0,5,4,3
1,8,1,3
0,9,6,3
2,7,8,2
1,7,8,2
3,6,7,2
3,7,4,2
1,8,7,2
6,4,6,2
2,3,1,2
8,3,4,2
3,8,9,2
8,3,7,2
4,2,4,2
2,1,8,2
2,4,3,2
2,3,3,2
9,0,6,2
3,5,5,2
2,4,8,2
7,6,0,2
2,7,2,2
7,5,4,2
3,3,6,2
2,7,9,2
2,8,1,2
7,4,7,2
3,2,8,2
1,2,2,2
1,5,4,2
9,0,7,2
9,8,8,2
4,3,1,2
5,6,6,2
4,6,3,2
5,8,2,2
9,8,7,2
6,0,3,2
0,3,5,2
0,6,9,2
0,1,7,2
6,8,0,1
6,7,2,1
5,6,9,1
5,3,3,1
7,0,2,1
7,0,1,1
5,6,5,1
5,5,9,1
6,7,1,1
5,4,9,1
6,8,6,1
5,4,5,1
6,7,4,1
5,4,0,1
6,7,0,1
6,9,1,1
5,3,5,1
6,7,9,1
6,7,7,1
6,6,4,1
5,7,4,1
5,7,5,1
6,1,3,1
6,0,9,1
6,1,8,1
6,2,0,1
6,2,1,1
6,2,4,1
6,2,6,1
6,2,8,1
6,3,7,1
7,1,5,1
6,0,6,1
5,9,6,1
6,4,5,1
5,9,4,1
5,8,8,1
5,7,7,1
6,4,7,1
5,7,6,1
6,4,8,1
6,5,4,1
6,6,1,1
7,1,3,1
0,0,3,1
7,2,7,1
9,5,0,1
8,7,3,1
8,8,8,1
8,9,5,1
9,0,2,1
9,1,7,1
9,2,6,1
9,3,1,1
9,3,5,1
9,3,6,1
9,4,3,1
9,4,6,1
9,4,7,1
9,5,1,1
7,3,0,1
9,5,5,1
9,5,9,1
9,6,1,1
9,6,3,1
9,6,5,1
9,6,7,1
9,7,2,1
9,8,0,1
9,8,2,1
9,8,3,1
9,8,9,1
9,9,5,1
8,5,6,1
8,5,5,1
8,5,4,1
8,4,7,1
7,3,1,1
7,3,2,1
7,3,9,1
7,4,0,1
7,4,4,1
7,4,8,1
7,5,1,1
5,2,0,1
7,5,2,1
7,5,3,1
7,5,5,1
7,5,7,1
7,7,1,1
7,7,2,1
7,8,0,1
7,8,2,1
7,9,3,1
7,9,7,1
8,0,0,1
8,0,7,1
8,1,0,1
8,1,6,1
8,3,1,1
8,3,5,1
8,4,6,1
5,2,9,1
4,5,7,1
5,1,7,1
1,9,6,1
1,3,9,1
1,4,2,1
1,4,8,1
1,4,9,1
1,5,0,1
1,5,2,1
1,6,4,1
1,6,5,1
1,6,7,1
1,7,6,1
1,7,7,1
1,9,1,1
1,9,7,1
5,1,5,1
1,9,8,1
2,1,6,1
2,1,7,1
2,2,9,1
2,4,2,1
2,4,6,1
2,5,3,1
2,6,5,1
2,6,6,1
2,7,3,1
2,7,5,1
2,7,7,1
1,3,7,1
1,3,0,1
1,2,9,1
1,2,0,1
0,1,6,1
0,2,0,1
0,3,3,1
0,3,7,1
0,3,8,1
0,4,1,1
0,4,5,1
0,4,6,1
0,5,7,1
0,6,3,1
0,6,6,1
0,7,1,1
0,7,4,1
0,7,5,1
0,7,9,1
0,8,1,1
0,8,8,1
0,9,3,1
1,0,0,1
1,0,4,1
1,0,8,1
1,0,9,1
1,1,1,1
1,1,2,1
1,1,7,1
2,8,0,1
2,8,8,1
2,9,4,1
3,9,6,1
4,0,6,1
4,0,9,1
4,1,6,1
4,1,8,1
4,2,1,1
4,2,7,1
4,3,4,1
4,3,9,1
4,4,0,1
4,4,2,1
4,4,3,1
4,4,6,1
4,5,1,1
0,0,7,1
4,5,8,1
4,6,9,1
4,7,2,1
4,7,6,1
4,8,2,1
4,8,4,1
4,8,7,1
4,9,5,1
5,0,5,1
5,0,9,1
5,1,4,1
3,9,9,1
3,8,7,1
2,9,8,1
3,8,2,1
3,0,0,1
3,0,1,1
3,0,4,1
3,0,6,1
3,0,7,1
3,1,0,1
3,1,2,1
3,2,0,1
3,2,1,1
3,2,2,1
3,2,3,1
3,2,5,1
3,2,9,1
3,3,2,1
3,3,4,1
3,3,5,1
3,4,0,1
3,4,2,1
3,5,3,1
3,5,8,1
3,6,5,1
3,6,9,1
3,7,0,1
3,7,1,1
3,8,1,1
9,9,7,1
